{
  "monte_carlo": {
    "mean_final_capital": 1009.6133615842159,
    "median_final_capital": 368.93488147419106,
    "std_final_capital": 2536.7560051002115,
    "mean_return": 101.92267231684318,
    "median_return": -26.21302370516179,
    "winning_sims": 43,
    "losing_sims": 57,
    "bankrupt_sims": 0,
    "avg_max_drawdown": 75.51077627439139,
    "max_max_drawdown": 97.69415699078631,
    "min_final_capital": 11.52921504606847,
    "max_final_capital": 23611.832414348228,
    "success_rate": 43.0
  },
  "bybit_paper_trading": {
    "total_trades": 13,
    "winning_trades": 3,
    "losing_trades": 10,
    "win_rate": 23.1,
    "total_pnl": -3.93,
    "total_fees": 0.46,
    "roi": -0.79,
    "final_capital": 495.61,
    "max_drawdown": 1.21,
    "profit_factor": 0.57,
    "using_ml_engine": true,
    "trade_limit_reached": false
  }
}